section_name,output
NAME,Paula María Fernández
PROFILE OVERVIEW,"Electronic engineer and project manager with experience leading MES implementations and industrial automation projects. Proficient in **Python**, **SQL**, **Power BI** and **PLC** programming; skilled in **Data Analytics**, **MES product ownership**, **project management**, QA and systems integration; proven ability to coordinate multidisciplinary teams and deliver IT-driven manufacturing improvements."
PROFESSIONAL EDUCATION,"Bachelor of Electronic Engineering
Postgraduate Diploma in Project Management"
INDUSTRY EXPERIENCE,"Automotive
Industrial
Software and Platforms
High Tech"
FUNCTIONAL EXPERIENCE,"Project Management Lead
MES Product Owner
Data Analytics Engineer
QA and Test Engineer
PLC Control Programmer
Systems Integration Engineer"
Role_1,"Senior Project Engineering Analyst
Owned business product requirements and led implementation of **MES** solutions, defining functional specifications and conducting **user training** for operators, analysts and leadership.
Managed investment projects for production equipment including **project planning**, schedule control, resource allocation and **budget administration** using **MS Project**.
Coordinated multidisciplinary teams and external suppliers, participating in global IT deployment teams and delivering data-driven monitoring and reporting with **Power BI**."
Role_2,"QA Intern
Supported the QA team within **Agile**/**Kanban** frameworks, using **Jira** to track tasks and defects and ensure timely resolution.
Executed and documented **manual testing**, **descriptive** and **functional testing**, creating clear test cases and defect reports to improve product quality.
Contributed to test process improvements, defect triage workflows and knowledge transfer to streamline QA operations and reporting."
Role_3,"University Engineering Intern — AGV Projects
Participated in design and implementation of **AGV** systems including electrical design, assembly and on-site **commissioning** to validate operational performance.
Programmed and tested control logic using **PLC programming**, conducted troubleshooting and preventive **maintenance** to ensure system reliability.
Collaborated on technical documentation and system diagrams using **AutoCAD**, supporting handover and operator training materials."
Role_4,"Senior Programming & Robotics Instructor
Designed and delivered STEAM curriculum for ages 4–15 focused on fundamentals of **electronics**, **programming** and **robotics** to build logical thinking and problem-solving.
Developed hands-on projects, lesson plans and assessment materials to promote active, collaborative learning and sustained student engagement.
Mentored students and supported classroom assistants, facilitating workshops that reinforced practical skills and curiosity in emerging technologies."
